'Elapsed time','II','III','AVR','MCL1','ABP'
'hh:mm:ss.mmm','mV','mV','mV','mV','mmHg'
'122:08:29.304',0.025,-,-,-,65.600
'122:08:29.312',0.075,-,-,-,64.000
'122:08:29.320',0.100,-,-,-,63.200
'122:08:29.328',0.125,-,-,-,63.200
'122:08:29.336',0.200,-,-,-,63.200
'122:08:29.344',0.275,-,-,-,63.200
'122:08:29.352',0.350,-,-,-,63.200
'122:08:29.360',0.400,-,-,-,63.200
'122:08:29.368',0.450,-,-,-,61.600
'122:08:29.376',0.450,-,-,-,60.800
'122:08:29.384',0.425,-,-,-,58.400
'122:08:29.392',0.400,-,-,-,56.800
'122:08:29.400',0.350,-,-,-,56.800
'122:08:29.408',0.275,-,-,-,56.800
'122:08:29.416',0.225,-,-,-,56.800
'122:08:29.424',0.200,-,-,-,56.800
'122:08:29.432',0.175,-,-,-,56.800
'122:08:29.440',0.075,-,-,-,56.000
'122:08:29.448',0.025,-,-,-,56.000
'122:08:29.456',0.000,-,-,-,54.400
'122:08:29.464',-0.025,-,-,-,54.400
'122:08:29.472',-0.025,-,-,-,54.400
'122:08:29.480',-0.050,-,-,-,53.600
'122:08:29.488',-0.050,-,-,-,53.600
'122:08:29.496',-0.050,-,-,-,52.000
'122:08:29.504',-0.050,-,-,-,52.000
'122:08:29.512',-0.050,-,-,-,52.000
'122:08:29.520',-0.025,-,-,-,51.200
'122:08:29.528',0.000,-,-,-,51.200
'122:08:29.536',0.025,-,-,-,49.600
'122:08:29.544',0.050,-,-,-,48.800
'122:08:29.552',0.075,-,-,-,47.200
'122:08:29.560',0.100,-,-,-,46.400
'122:08:29.568',0.100,-,-,-,46.400
'122:08:29.576',0.075,-,-,-,46.400
'122:08:29.584',0.075,-,-,-,46.400
'122:08:29.592',0.075,-,-,-,47.200
'122:08:29.600',0.050,-,-,-,47.200
'122:08:29.608',0.025,-,-,-,47.200
'122:08:29.616',0.000,-,-,-,46.400
'122:08:29.624',-0.025,-,-,-,44.800
'122:08:29.632',-0.050,-,-,-,42.400
'122:08:29.640',-0.075,-,-,-,40.000
'122:08:29.648',-0.075,-,-,-,40.000
'122:08:29.656',-0.075,-,-,-,40.000
'122:08:29.664',-0.075,-,-,-,41.600
'122:08:29.672',-0.075,-,-,-,44.000
'122:08:29.680',-0.075,-,-,-,44.800
'122:08:29.688',-0.050,-,-,-,46.400
'122:08:29.696',0.000,-,-,-,46.400
'122:08:29.704',0.000,-,-,-,44.800
'122:08:29.712',0.025,-,-,-,44.000
'122:08:29.720',0.050,-,-,-,44.000
'122:08:29.728',0.075,-,-,-,42.400
'122:08:29.736',0.100,-,-,-,42.400
'122:08:29.744',0.300,-,-,-,42.400
'122:08:29.752',0.775,-,-,-,42.400
'122:08:29.760',1.375,-,-,-,42.400
'122:08:29.768',1.525,-,-,-,41.600
'122:08:29.776',0.775,-,-,-,40.000
'122:08:29.784',-0.350,-,-,-,39.200
'122:08:29.792',-1.125,-,-,-,39.200
'122:08:29.800',-1.225,-,-,-,39.200
'122:08:29.808',-0.625,-,-,-,39.200
'122:08:29.816',-0.350,-,-,-,39.200
'122:08:29.824',-0.250,-,-,-,39.200
'122:08:29.832',-0.225,-,-,-,39.200
'122:08:29.840',-0.225,-,-,-,37.600
'122:08:29.848',-0.175,-,-,-,37.600
'122:08:29.856',-0.125,-,-,-,36.800
'122:08:29.864',-0.075,-,-,-,37.600
'122:08:29.872',-0.050,-,-,-,37.600
'122:08:29.880',-0.025,-,-,-,37.600
'122:08:29.888',0.000,-,-,-,37.600
'122:08:29.896',0.000,-,-,-,37.600
'122:08:29.904',0.000,-,-,-,39.200
'122:08:29.912',0.000,-,-,-,40.000
'122:08:29.920',0.000,-,-,-,42.400
'122:08:29.928',0.000,-,-,-,48.800
'122:08:29.936',-0.025,-,-,-,54.400
'122:08:29.944',-0.075,-,-,-,60.800
'122:08:29.952',-0.100,-,-,-,66.400
'122:08:29.960',-0.125,-,-,-,72.800
'122:08:29.968',-0.175,-,-,-,77.600
'122:08:29.976',-0.175,-,-,-,82.400
'122:08:29.984',-0.175,-,-,-,88.800
'122:08:29.992',-0.175,-,-,-,94.400
'122:08:30.000',-0.125,-,-,-,100.800
'122:08:30.008',-0.075,-,-,-,105.600
'122:08:30.016',-0.050,-,-,-,110.400
'122:08:30.024',0.000,-,-,-,113.600
'122:08:30.032',0.025,-,-,-,116.000
'122:08:30.040',0.050,-,-,-,117.600
'122:08:30.048',0.075,-,-,-,118.400
'122:08:30.056',0.100,-,-,-,118.400
'122:08:30.064',0.100,-,-,-,118.400
'122:08:30.072',0.100,-,-,-,116.000
'122:08:30.080',0.125,-,-,-,113.600
'122:08:30.088',0.300,-,-,-,111.200
'122:08:30.096',0.725,-,-,-,110.400
'122:08:30.104',1.200,-,-,-,108.800
'122:08:30.112',1.250,-,-,-,108.000
'122:08:30.120',0.500,-,-,-,108.000
'122:08:30.128',-0.550,-,-,-,106.400
'122:08:30.136',-1.425,-,-,-,103.200
'122:08:30.144',-1.625,-,-,-,99.200
'122:08:30.152',-1.200,-,-,-,94.400
'122:08:30.160',-0.625,-,-,-,91.200
'122:08:30.168',-0.225,-,-,-,87.200
'122:08:30.176',-0.075,-,-,-,84.800
'122:08:30.184',-0.025,-,-,-,82.400
'122:08:30.192',0.025,-,-,-,80.000
'122:08:30.200',0.025,-,-,-,76.000
'122:08:30.208',0.050,-,-,-,72.800
'122:08:30.216',0.075,-,-,-,70.400
'122:08:30.224',0.075,-,-,-,68.000
'122:08:30.232',0.075,-,-,-,66.400
'122:08:30.240',0.075,-,-,-,68.000
'122:08:30.248',0.075,-,-,-,68.000
'122:08:30.256',0.075,-,-,-,68.000
'122:08:30.264',0.050,-,-,-,68.000
'122:08:30.272',0.025,-,-,-,68.000
'122:08:30.280',0.000,-,-,-,66.400
'122:08:30.288',0.000,-,-,-,66.400
'122:08:30.296',0.000,-,-,-,66.400
'122:08:30.304',0.025,-,-,-,65.600
'122:08:30.312',0.025,-,-,-,65.600
'122:08:30.320',0.050,-,-,-,64.000
'122:08:30.328',0.075,-,-,-,63.200
'122:08:30.336',0.100,-,-,-,61.600
'122:08:30.344',0.175,-,-,-,59.200
'122:08:30.352',0.225,-,-,-,58.400
'122:08:30.360',0.250,-,-,-,56.800
'122:08:30.368',0.250,-,-,-,56.800
'122:08:30.376',0.250,-,-,-,58.400
'122:08:30.384',0.250,-,-,-,59.200
'122:08:30.392',0.250,-,-,-,59.200
'122:08:30.400',0.200,-,-,-,58.400
'122:08:30.408',0.175,-,-,-,56.000
'122:08:30.416',0.175,-,-,-,54.400
'122:08:30.424',0.125,-,-,-,53.600
'122:08:30.432',0.100,-,-,-,54.400
'122:08:30.440',0.050,-,-,-,54.400
'122:08:30.448',0.025,-,-,-,54.400
'122:08:30.456',0.000,-,-,-,54.400
'122:08:30.464',0.000,-,-,-,54.400
'122:08:30.472',-0.025,-,-,-,53.600
'122:08:30.480',-0.025,-,-,-,52.000
'122:08:30.488',-0.025,-,-,-,51.200
'122:08:30.496',-0.025,-,-,-,49.600
'122:08:30.504',-0.025,-,-,-,48.800
'122:08:30.512',-0.025,-,-,-,47.200
'122:08:30.520',0.000,-,-,-,46.400
'122:08:30.528',0.025,-,-,-,44.800
'122:08:30.536',0.025,-,-,-,44.800
'122:08:30.544',0.050,-,-,-,44.800
'122:08:30.552',0.100,-,-,-,44.800
'122:08:30.560',0.100,-,-,-,44.800
'122:08:30.568',0.100,-,-,-,44.000
'122:08:30.576',0.075,-,-,-,44.000
'122:08:30.584',0.075,-,-,-,44.000
'122:08:30.592',0.100,-,-,-,42.400
'122:08:30.600',0.050,-,-,-,42.400
'122:08:30.608',0.025,-,-,-,41.600
'122:08:30.616',0.000,-,-,-,41.600
'122:08:30.624',-0.050,-,-,-,41.600
'122:08:30.632',-0.050,-,-,-,41.600
'122:08:30.640',-0.050,-,-,-,41.600
'122:08:30.648',-0.075,-,-,-,41.600
'122:08:30.656',-0.075,-,-,-,41.600
'122:08:30.664',-0.075,-,-,-,41.600
'122:08:30.672',-0.075,-,-,-,40.000
'122:08:30.680',-0.050,-,-,-,40.000
'122:08:30.688',-0.025,-,-,-,40.000
'122:08:30.696',0.000,-,-,-,40.000
'122:08:30.704',0.025,-,-,-,40.000
'122:08:30.712',0.025,-,-,-,40.000
'122:08:30.720',0.075,-,-,-,40.000
'122:08:30.728',0.100,-,-,-,39.200
'122:08:30.736',0.175,-,-,-,39.200
'122:08:30.744',0.375,-,-,-,39.200
'122:08:30.752',0.875,-,-,-,39.200
'122:08:30.760',1.350,-,-,-,39.200
'122:08:30.768',1.400,-,-,-,40.000
'122:08:30.776',0.500,-,-,-,40.000
'122:08:30.784',-0.600,-,-,-,39.200
'122:08:30.792',-1.250,-,-,-,37.600
'122:08:30.800',-1.050,-,-,-,36.800
'122:08:30.808',-0.575,-,-,-,35.200
'122:08:30.816',-0.300,-,-,-,35.200
'122:08:30.824',-0.225,-,-,-,35.200
'122:08:30.832',-0.200,-,-,-,35.200
'122:08:30.840',-0.175,-,-,-,35.200
'122:08:30.848',-0.125,-,-,-,35.200
'122:08:30.856',-0.100,-,-,-,34.400
'122:08:30.864',-0.050,-,-,-,34.400
'122:08:30.872',-0.050,-,-,-,32.800
'122:08:30.880',-0.025,-,-,-,34.400
'122:08:30.888',0.025,-,-,-,34.400
'122:08:30.896',0.025,-,-,-,35.200
'122:08:30.904',0.025,-,-,-,36.800
'122:08:30.912',0.025,-,-,-,36.800
'122:08:30.920',0.025,-,-,-,39.200
'122:08:30.928',0.025,-,-,-,42.400
'122:08:30.936',-0.025,-,-,-,47.200
'122:08:30.944',-0.050,-,-,-,53.600
'122:08:30.952',-0.075,-,-,-,60.800
'122:08:30.960',-0.100,-,-,-,68.800
'122:08:30.968',-0.100,-,-,-,76.000
'122:08:30.976',-0.125,-,-,-,82.400
'122:08:30.984',-0.125,-,-,-,89.600
'122:08:30.992',-0.125,-,-,-,96.000
'122:08:31.000',-0.100,-,-,-,100.800
'122:08:31.008',-0.075,-,-,-,105.600
'122:08:31.016',-0.025,-,-,-,108.000
'122:08:31.024',0.000,-,-,-,110.400
'122:08:31.032',0.025,-,-,-,111.200
'122:08:31.040',0.050,-,-,-,112.800
'122:08:31.048',0.075,-,-,-,113.600
'122:08:31.056',0.100,-,-,-,113.600
'122:08:31.064',0.100,-,-,-,113.600
'122:08:31.072',0.100,-,-,-,112.800
'122:08:31.080',0.100,-,-,-,111.200
'122:08:31.088',0.200,-,-,-,108.800
'122:08:31.096',0.500,-,-,-,106.400
'122:08:31.104',0.925,-,-,-,105.600
'122:08:31.112',1.175,-,-,-,103.200
'122:08:31.120',0.750,-,-,-,101.600
'122:08:31.128',-0.175,-,-,-,99.200
'122:08:31.136',-1.050,-,-,-,98.400
'122:08:31.144',-1.375,-,-,-,94.400
'122:08:31.152',-1.175,-,-,-,92.000
'122:08:31.160',-0.800,-,-,-,88.800
'122:08:31.168',-0.625,-,-,-,84.800
'122:08:31.176',-0.600,-,-,-,81.600
'122:08:31.184',-0.575,-,-,-,80.000
'122:08:31.192',-0.400,-,-,-,76.000
'122:08:31.200',-0.125,-,-,-,72.800
'122:08:31.208',0.000,-,-,-,70.400
'122:08:31.216',0.075,-,-,-,68.000
'122:08:31.224',0.100,-,-,-,65.600
'122:08:31.232',0.125,-,-,-,64.000
'122:08:31.240',0.100,-,-,-,63.200
'122:08:31.248',0.100,-,-,-,63.200
'122:08:31.256',0.125,-,-,-,61.600
'122:08:31.264',0.100,-,-,-,61.600
'122:08:31.272',0.075,-,-,-,63.200
'122:08:31.280',0.050,-,-,-,63.200
'122:08:31.288',0.025,-,-,-,63.200
'122:08:31.296',0.025,-,-,-,63.200
'122:08:31.304',0.050,-,-,-,63.200
'122:08:31.312',0.075,-,-,-,61.600
'122:08:31.320',0.100,-,-,-,61.600
'122:08:31.328',0.175,-,-,-,63.200
'122:08:31.336',0.225,-,-,-,64.000
'122:08:31.344',0.300,-,-,-,66.400
'122:08:31.352',0.375,-,-,-,68.000
'122:08:31.360',0.425,-,-,-,66.400
'122:08:31.368',0.450,-,-,-,64.000
'122:08:31.376',0.450,-,-,-,60.800
'122:08:31.384',0.425,-,-,-,56.800
'122:08:31.392',0.375,-,-,-,56.800
'122:08:31.400',0.350,-,-,-,58.400
'122:08:31.408',0.275,-,-,-,60.800
'122:08:31.416',0.225,-,-,-,59.200
'122:08:31.424',0.200,-,-,-,56.800
'122:08:31.432',0.175,-,-,-,52.000
'122:08:31.440',0.100,-,-,-,49.600
'122:08:31.448',0.050,-,-,-,49.600
'122:08:31.456',0.025,-,-,-,49.600
'122:08:31.464',0.000,-,-,-,51.200
'122:08:31.472',0.000,-,-,-,52.000
'122:08:31.480',-0.025,-,-,-,53.600
'122:08:31.488',-0.025,-,-,-,54.400
'122:08:31.496',-0.025,-,-,-,56.800
'122:08:31.504',-0.025,-,-,-,56.800
'122:08:31.512',0.000,-,-,-,56.800
'122:08:31.520',0.000,-,-,-,56.000
'122:08:31.528',0.025,-,-,-,52.000
'122:08:31.536',0.050,-,-,-,49.600
'122:08:31.544',0.050,-,-,-,46.400
'122:08:31.552',0.075,-,-,-,46.400
'122:08:31.560',0.100,-,-,-,46.400
'122:08:31.568',0.100,-,-,-,48.800
'122:08:31.576',0.100,-,-,-,49.600
'122:08:31.584',0.075,-,-,-,51.200
'122:08:31.592',0.075,-,-,-,48.800
'122:08:31.600',0.075,-,-,-,46.400
'122:08:31.608',0.025,-,-,-,44.000
'122:08:31.616',0.000,-,-,-,41.600
'122:08:31.624',-0.025,-,-,-,40.000
'122:08:31.632',-0.025,-,-,-,40.000
'122:08:31.640',-0.050,-,-,-,41.600
'122:08:31.648',-0.050,-,-,-,42.400
'122:08:31.656',-0.050,-,-,-,44.000
'122:08:31.664',-0.050,-,-,-,44.800
'122:08:31.672',-0.050,-,-,-,44.800
'122:08:31.680',-0.050,-,-,-,44.000
'122:08:31.688',-0.025,-,-,-,42.400
'122:08:31.696',0.000,-,-,-,42.400
'122:08:31.704',0.025,-,-,-,42.400
'122:08:31.712',0.025,-,-,-,42.400
'122:08:31.720',0.050,-,-,-,42.400
'122:08:31.728',0.075,-,-,-,42.400
'122:08:31.736',0.125,-,-,-,44.000
'122:08:31.744',0.425,-,-,-,44.000
'122:08:31.752',1.025,-,-,-,42.400
'122:08:31.760',1.525,-,-,-,42.400
'122:08:31.768',1.550,-,-,-,41.600
'122:08:31.776',0.525,-,-,-,41.600
'122:08:31.784',-0.600,-,-,-,41.600
'122:08:31.792',-1.225,-,-,-,41.600
'122:08:31.800',-0.950,-,-,-,41.600
'122:08:31.808',-0.525,-,-,-,40.000
'122:08:31.816',-0.275,-,-,-,39.200
'122:08:31.824',-0.225,-,-,-,37.600
'122:08:31.832',-0.225,-,-,-,39.200
'122:08:31.840',-0.200,-,-,-,39.200
'122:08:31.848',-0.175,-,-,-,40.000
'122:08:31.856',-0.100,-,-,-,40.000
'122:08:31.864',-0.075,-,-,-,39.200
'122:08:31.872',-0.050,-,-,-,37.600
'122:08:31.880',-0.025,-,-,-,36.800
'122:08:31.888',0.000,-,-,-,35.200
'122:08:31.896',0.000,-,-,-,35.200
'122:08:31.904',0.000,-,-,-,36.800
'122:08:31.912',0.000,-,-,-,39.200
'122:08:31.920',0.000,-,-,-,41.600
'122:08:31.928',0.000,-,-,-,46.400
'122:08:31.936',-0.050,-,-,-,52.000
'122:08:31.944',-0.075,-,-,-,58.400
'122:08:31.952',-0.100,-,-,-,65.600
'122:08:31.960',-0.125,-,-,-,71.200
'122:08:31.968',-0.125,-,-,-,77.600
'122:08:31.976',-0.175,-,-,-,82.400
'122:08:31.984',-0.175,-,-,-,89.600
'122:08:31.992',-0.175,-,-,-,96.800
'122:08:32.000',-0.100,-,-,-,104.000
'122:08:32.008',-0.075,-,-,-,108.800
'122:08:32.016',-0.025,-,-,-,112.800
'122:08:32.024',0.000,-,-,-,113.600
'122:08:32.032',0.025,-,-,-,115.200
'122:08:32.040',0.050,-,-,-,116.000
'122:08:32.048',0.075,-,-,-,116.000
'122:08:32.056',0.100,-,-,-,117.600
'122:08:32.064',0.075,-,-,-,116.000
'122:08:32.072',0.100,-,-,-,115.200
'122:08:32.080',0.125,-,-,-,113.600
'122:08:32.088',0.375,-,-,-,111.200
'122:08:32.096',0.800,-,-,-,110.400
'122:08:32.104',1.250,-,-,-,108.800
'122:08:32.112',1.275,-,-,-,108.000
'122:08:32.120',0.225,-,-,-,106.400
'122:08:32.128',-0.875,-,-,-,104.000
'122:08:32.136',-1.525,-,-,-,101.600
'122:08:32.144',-1.575,-,-,-,98.400
'122:08:32.152',-1.050,-,-,-,94.400
'122:08:32.160',-0.775,-,-,-,91.200
'122:08:32.168',-0.700,-,-,-,87.200
'122:08:32.176',-0.675,-,-,-,82.400
'122:08:32.184',-0.525,-,-,-,80.000
'122:08:32.192',-0.225,-,-,-,77.600
'122:08:32.200',-0.025,-,-,-,73.600
'122:08:32.208',0.075,-,-,-,70.400
'122:08:32.216',0.100,-,-,-,68.000
'122:08:32.224',0.125,-,-,-,66.400
'122:08:32.232',0.125,-,-,-,65.600
'122:08:32.240',0.125,-,-,-,65.600
'122:08:32.248',0.125,-,-,-,65.600
'122:08:32.256',0.125,-,-,-,65.600
'122:08:32.264',0.100,-,-,-,65.600
'122:08:32.272',0.075,-,-,-,65.600
'122:08:32.280',0.050,-,-,-,65.600
'122:08:32.288',0.025,-,-,-,64.000
'122:08:32.296',0.050,-,-,-,64.000
'122:08:32.304',0.075,-,-,-,64.000
'122:08:32.312',0.100,-,-,-,63.200
'122:08:32.320',0.125,-,-,-,63.200
'122:08:32.328',0.200,-,-,-,63.200
'122:08:32.336',0.250,-,-,-,63.200
'122:08:32.344',0.350,-,-,-,63.200
'122:08:32.352',0.425,-,-,-,61.600
'122:08:32.360',0.450,-,-,-,60.800
'122:08:32.368',0.450,-,-,-,60.800
'122:08:32.376',0.425,-,-,-,59.200
'122:08:32.384',0.400,-,-,-,59.200
'122:08:32.392',0.350,-,-,-,59.200
'122:08:32.400',0.275,-,-,-,58.400
'122:08:32.408',0.250,-,-,-,58.400
'122:08:32.416',0.200,-,-,-,56.800
'122:08:32.424',0.175,-,-,-,56.000
'122:08:32.432',0.100,-,-,-,56.000
'122:08:32.440',0.050,-,-,-,56.000
'122:08:32.448',0.000,-,-,-,54.400
'122:08:32.456',-0.025,-,-,-,54.400
'122:08:32.464',-0.025,-,-,-,54.400
'122:08:32.472',-0.050,-,-,-,53.600
'122:08:32.480',-0.050,-,-,-,52.000
'122:08:32.488',-0.050,-,-,-,51.200
'122:08:32.496',-0.050,-,-,-,51.200
'122:08:32.504',-0.050,-,-,-,49.600
'122:08:32.512',-0.025,-,-,-,49.600
'122:08:32.520',0.000,-,-,-,49.600
'122:08:32.528',0.025,-,-,-,48.800
'122:08:32.536',0.025,-,-,-,48.800
'122:08:32.544',0.050,-,-,-,47.200
'122:08:32.552',0.075,-,-,-,47.200
'122:08:32.560',0.100,-,-,-,46.400
'122:08:32.568',0.075,-,-,-,46.400
'122:08:32.576',0.075,-,-,-,46.400
'122:08:32.584',0.075,-,-,-,46.400
'122:08:32.592',0.050,-,-,-,46.400
'122:08:32.600',0.025,-,-,-,46.400
'122:08:32.608',0.000,-,-,-,46.400
'122:08:32.616',-0.025,-,-,-,44.800
'122:08:32.624',-0.050,-,-,-,44.800
'122:08:32.632',-0.050,-,-,-,44.000
'122:08:32.640',-0.075,-,-,-,44.000
'122:08:32.648',-0.075,-,-,-,44.000
'122:08:32.656',-0.100,-,-,-,44.000
'122:08:32.664',-0.100,-,-,-,44.000
'122:08:32.672',-0.075,-,-,-,44.000
'122:08:32.680',-0.050,-,-,-,44.000
'122:08:32.688',-0.025,-,-,-,42.400
'122:08:32.696',0.000,-,-,-,42.400
'122:08:32.704',0.025,-,-,-,42.400
'122:08:32.712',0.050,-,-,-,42.400
'122:08:32.720',0.075,-,-,-,42.400
'122:08:32.728',0.075,-,-,-,42.400
'122:08:32.736',0.200,-,-,-,42.400
'122:08:32.744',0.625,-,-,-,41.600
'122:08:32.752',1.250,-,-,-,41.600
'122:08:32.760',1.500,-,-,-,41.600
'122:08:32.768',1.000,-,-,-,41.600
'122:08:32.776',-0.075,-,-,-,40.000
'122:08:32.784',-1.050,-,-,-,40.000
'122:08:32.792',-1.225,-,-,-,40.000
'122:08:32.800',-0.750,-,-,-,40.000
'122:08:32.808',-0.400,-,-,-,39.200
'122:08:32.816',-0.275,-,-,-,39.200
'122:08:32.824',-0.250,-,-,-,37.600
'122:08:32.832',-0.225,-,-,-,37.600
'122:08:32.840',-0.200,-,-,-,36.800
'122:08:32.848',-0.125,-,-,-,36.800
'122:08:32.856',-0.100,-,-,-,36.800
'122:08:32.864',-0.075,-,-,-,36.800
'122:08:32.872',-0.050,-,-,-,36.800
'122:08:32.880',0.000,-,-,-,36.800
'122:08:32.888',0.000,-,-,-,36.800
'122:08:32.896',0.000,-,-,-,37.600
'122:08:32.904',0.000,-,-,-,37.600
'122:08:32.912',0.000,-,-,-,40.000
'122:08:32.920',0.000,-,-,-,44.800
'122:08:32.928',-0.025,-,-,-,49.600
'122:08:32.936',-0.075,-,-,-,56.000
'122:08:32.944',-0.100,-,-,-,63.200
'122:08:32.952',-0.125,-,-,-,68.000
'122:08:32.960',-0.175,-,-,-,73.600
'122:08:32.968',-0.175,-,-,-,78.400
'122:08:32.976',-0.175,-,-,-,84.000
'122:08:32.984',-0.175,-,-,-,91.200
'122:08:32.992',-0.125,-,-,-,98.400
'122:08:33.000',-0.100,-,-,-,104.000
'122:08:33.008',-0.050,-,-,-,108.800
'122:08:33.016',0.000,-,-,-,111.200
'122:08:33.024',0.025,-,-,-,112.800
'122:08:33.032',0.025,-,-,-,112.800
'122:08:33.040',0.050,-,-,-,115.200
'122:08:33.048',0.100,-,-,-,117.600
'122:08:33.056',0.100,-,-,-,120.000
'122:08:33.064',0.100,-,-,-,120.000
'122:08:33.072',0.125,-,-,-,116.000
'122:08:33.080',0.250,-,-,-,112.800
'122:08:33.088',0.575,-,-,-,108.800
'122:08:33.096',1.075,-,-,-,108.000
'122:08:33.104',1.225,-,-,-,106.400
'122:08:33.112',0.600,-,-,-,106.400
'122:08:33.120',-0.500,-,-,-,105.600
'122:08:33.128',-1.375,-,-,-,103.200
'122:08:33.136',-1.575,-,-,-,99.200
'122:08:33.144',-1.250,-,-,-,94.400
'122:08:33.152',-0.875,-,-,-,91.200
'122:08:33.160',-0.700,-,-,-,87.200
'122:08:33.168',-0.675,-,-,-,84.000
'122:08:33.176',-0.575,-,-,-,80.000
'122:08:33.184',-0.350,-,-,-,78.400
'122:08:33.192',-0.075,-,-,-,75.200
'122:08:33.200',0.050,-,-,-,71.200
'122:08:33.208',0.075,-,-,-,70.400
'122:08:33.216',0.125,-,-,-,68.000
'122:08:33.224',0.125,-,-,-,68.000
'122:08:33.232',0.125,-,-,-,66.400
'122:08:33.240',0.125,-,-,-,66.400
'122:08:33.248',0.125,-,-,-,65.600
'122:08:33.256',0.125,-,-,-,65.600
'122:08:33.264',0.075,-,-,-,64.000
'122:08:33.272',0.025,-,-,-,64.000
'122:08:33.280',0.025,-,-,-,64.000
'122:08:33.288',0.025,-,-,-,64.000
'122:08:33.296',0.025,-,-,-,63.200
'122:08:33.304',0.050,-,-,-,63.200
'122:08:33.312',0.075,-,-,-,61.600
'122:08:33.320',0.125,-,-,-,60.800
'122:08:33.328',0.200,-,-,-,60.800
'122:08:33.336',0.250,-,-,-,59.200
'122:08:33.344',0.350,-,-,-,59.200
'122:08:33.352',0.400,-,-,-,58.400
'122:08:33.360',0.425,-,-,-,58.400
'122:08:33.368',0.425,-,-,-,58.400
'122:08:33.376',0.400,-,-,-,58.400
'122:08:33.384',0.375,-,-,-,56.800
'122:08:33.392',0.350,-,-,-,56.800
'122:08:33.400',0.275,-,-,-,56.800
'122:08:33.408',0.225,-,-,-,56.800
'122:08:33.416',0.200,-,-,-,56.800
'122:08:33.424',0.175,-,-,-,56.000
'122:08:33.432',0.100,-,-,-,54.400
'122:08:33.440',0.025,-,-,-,53.600
'122:08:33.448',0.000,-,-,-,51.200
'122:08:33.456',0.000,-,-,-,51.200
'122:08:33.464',-0.025,-,-,-,49.600
'122:08:33.472',-0.050,-,-,-,49.600
'122:08:33.480',-0.050,-,-,-,48.800
'122:08:33.488',-0.050,-,-,-,47.200
'122:08:33.496',-0.050,-,-,-,46.400
'122:08:33.504',-0.025,-,-,-,44.800
'122:08:33.512',-0.025,-,-,-,44.000
'122:08:33.520',0.000,-,-,-,44.800
'122:08:33.528',0.025,-,-,-,44.800
'122:08:33.536',0.050,-,-,-,44.800
'122:08:33.544',0.075,-,-,-,44.800
'122:08:33.552',0.100,-,-,-,44.000
'122:08:33.560',0.125,-,-,-,42.400
'122:08:33.568',0.075,-,-,-,41.600
'122:08:33.576',0.075,-,-,-,42.400
'122:08:33.584',0.075,-,-,-,42.400
'122:08:33.592',0.075,-,-,-,42.400
'122:08:33.600',0.025,-,-,-,42.400
'122:08:33.608',0.000,-,-,-,42.400
'122:08:33.616',-0.025,-,-,-,42.400
'122:08:33.624',-0.050,-,-,-,41.600
'122:08:33.632',-0.050,-,-,-,41.600
'122:08:33.640',-0.050,-,-,-,41.600
'122:08:33.648',-0.075,-,-,-,40.000
'122:08:33.656',-0.075,-,-,-,40.000
'122:08:33.664',-0.075,-,-,-,40.000
'122:08:33.672',-0.050,-,-,-,40.000
'122:08:33.680',-0.050,-,-,-,40.000
'122:08:33.688',-0.025,-,-,-,40.000
'122:08:33.696',0.000,-,-,-,40.000
'122:08:33.704',0.025,-,-,-,40.000
'122:08:33.712',0.050,-,-,-,40.000
'122:08:33.720',0.075,-,-,-,39.200
'122:08:33.728',0.100,-,-,-,39.200
'122:08:33.736',0.175,-,-,-,39.200
'122:08:33.744',0.500,-,-,-,37.600
'122:08:33.752',1.025,-,-,-,37.600
'122:08:33.760',1.375,-,-,-,37.600
'122:08:33.768',1.050,-,-,-,37.600
'122:08:33.776',0.100,-,-,-,37.600
'122:08:33.784',-0.925,-,-,-,37.600
'122:08:33.792',-1.275,-,-,-,37.600
'122:08:33.800',-0.900,-,-,-,36.800
'122:08:33.808',-0.450,-,-,-,36.800
'122:08:33.816',-0.275,-,-,-,35.200
'122:08:33.824',-0.225,-,-,-,35.200
'122:08:33.832',-0.200,-,-,-,35.200
'122:08:33.840',-0.175,-,-,-,34.400
'122:08:33.848',-0.125,-,-,-,34.400
'122:08:33.856',-0.075,-,-,-,34.400
'122:08:33.864',-0.050,-,-,-,35.200
'122:08:33.872',-0.050,-,-,-,35.200
'122:08:33.880',0.000,-,-,-,36.800
'122:08:33.888',0.000,-,-,-,37.600
'122:08:33.896',0.000,-,-,-,37.600
'122:08:33.904',0.000,-,-,-,36.800
'122:08:33.912',0.000,-,-,-,35.200
'122:08:33.920',0.000,-,-,-,37.600
'122:08:33.928',0.000,-,-,-,42.400
'122:08:33.936',-0.025,-,-,-,49.600
'122:08:33.944',-0.075,-,-,-,58.400
'122:08:33.952',-0.100,-,-,-,66.400
'122:08:33.960',-0.100,-,-,-,72.800
'122:08:33.968',-0.125,-,-,-,76.000
'122:08:33.976',-0.125,-,-,-,77.600
'122:08:33.984',-0.125,-,-,-,80.000
'122:08:33.992',-0.125,-,-,-,84.800
'122:08:34.000',-0.100,-,-,-,92.000
'122:08:34.008',-0.050,-,-,-,100.800
'122:08:34.016',-0.025,-,-,-,108.800
'122:08:34.024',0.000,-,-,-,116.000
'122:08:34.032',0.025,-,-,-,120.000
'122:08:34.040',0.050,-,-,-,120.800
'122:08:34.048',0.075,-,-,-,117.600
'122:08:34.056',0.075,-,-,-,112.800
'122:08:34.064',0.100,-,-,-,108.800
'122:08:34.072',0.075,-,-,-,105.600
'122:08:34.080',0.100,-,-,-,104.000
'122:08:34.088',0.250,-,-,-,104.000
'122:08:34.096',0.625,-,-,-,104.000
'122:08:34.104',1.100,-,-,-,104.000
'122:08:34.112',1.225,-,-,-,104.000
'122:08:34.120',0.700,-,-,-,104.000
'122:08:34.128',-0.275,-,-,-,101.600
'122:08:34.136',-1.275,-,-,-,99.200
'122:08:34.144',-1.575,-,-,-,94.400
'122:08:34.152',-1.125,-,-,-,91.200
'122:08:34.160',-0.550,-,-,-,86.400
'122:08:34.168',-0.200,-,-,-,82.400
'122:08:34.176',-0.100,-,-,-,80.000
'122:08:34.184',-0.050,-,-,-,77.600
'122:08:34.192',-0.025,-,-,-,75.200
'122:08:34.200',0.000,-,-,-,73.600
'122:08:34.208',0.025,-,-,-,72.800
'122:08:34.216',0.050,-,-,-,71.200
'122:08:34.224',0.075,-,-,-,70.400
'122:08:34.232',0.075,-,-,-,68.000
'122:08:34.240',0.050,-,-,-,66.400
'122:08:34.248',0.075,-,-,-,65.600
'122:08:34.256',0.075,-,-,-,64.000
'122:08:34.264',0.050,-,-,-,64.000
'122:08:34.272',0.025,-,-,-,64.000
'122:08:34.280',0.025,-,-,-,65.600
'122:08:34.288',0.000,-,-,-,66.400
'122:08:34.296',0.000,-,-,-,68.000
'122:08:34.304',0.025,-,-,-,66.400
'122:08:34.312',0.050,-,-,-,65.600
'122:08:34.320',0.075,-,-,-,61.600
'122:08:34.328',0.100,-,-,-,59.200
'122:08:34.336',0.125,-,-,-,58.400
'122:08:34.344',0.200,-,-,-,58.400
'122:08:34.352',0.250,-,-,-,59.200
'122:08:34.360',0.275,-,-,-,60.800
'122:08:34.368',0.275,-,-,-,60.800
'122:08:34.376',0.250,-,-,-,60.800
'122:08:34.384',0.225,-,-,-,59.200
'122:08:34.392',0.225,-,-,-,58.400
'122:08:34.400',0.175,-,-,-,56.800
'122:08:34.408',0.125,-,-,-,56.800
'122:08:34.416',0.125,-,-,-,56.800
'122:08:34.424',0.100,-,-,-,56.800
'122:08:34.432',0.075,-,-,-,56.800
'122:08:34.440',0.025,-,-,-,56.000
'122:08:34.448',0.025,-,-,-,56.000
'122:08:34.456',0.000,-,-,-,54.400
'122:08:34.464',-0.025,-,-,-,54.400
'122:08:34.472',-0.025,-,-,-,54.400
'122:08:34.480',-0.025,-,-,-,53.600
'122:08:34.488',-0.025,-,-,-,53.600
'122:08:34.496',-0.025,-,-,-,52.000
'122:08:34.504',-0.025,-,-,-,51.200
'122:08:34.512',0.000,-,-,-,51.200
'122:08:34.520',0.000,-,-,-,49.600
'122:08:34.528',0.025,-,-,-,48.800
'122:08:34.536',0.050,-,-,-,48.800
'122:08:34.544',0.050,-,-,-,48.800
'122:08:34.552',0.075,-,-,-,48.800
'122:08:34.560',0.075,-,-,-,47.200
'122:08:34.568',0.075,-,-,-,46.400
'122:08:34.576',0.075,-,-,-,46.400
'122:08:34.584',0.075,-,-,-,44.800
'122:08:34.592',0.050,-,-,-,44.800
'122:08:34.600',0.025,-,-,-,44.800
'122:08:34.608',0.000,-,-,-,44.800
'122:08:34.616',-0.025,-,-,-,44.800
'122:08:34.624',-0.050,-,-,-,44.800
'122:08:34.632',-0.050,-,-,-,44.800
'122:08:34.640',-0.050,-,-,-,44.000
'122:08:34.648',-0.050,-,-,-,44.000
'122:08:34.656',-0.075,-,-,-,44.000
'122:08:34.664',-0.075,-,-,-,44.800
'122:08:34.672',-0.075,-,-,-,44.000
'122:08:34.680',-0.050,-,-,-,44.000
'122:08:34.688',-0.025,-,-,-,44.000
'122:08:34.696',0.000,-,-,-,42.400
'122:08:34.704',0.025,-,-,-,42.400
'122:08:34.712',0.050,-,-,-,42.400
'122:08:34.720',0.075,-,-,-,42.400
'122:08:34.728',0.075,-,-,-,42.400
'122:08:34.736',0.175,-,-,-,42.400
'122:08:34.744',0.500,-,-,-,42.400
'122:08:34.752',1.100,-,-,-,41.600
'122:08:34.760',1.500,-,-,-,41.600
'122:08:34.768',1.200,-,-,-,42.400
'122:08:34.776',0.250,-,-,-,41.600
'122:08:34.784',-0.850,-,-,-,41.600
'122:08:34.792',-1.250,-,-,-,40.000
'122:08:34.800',-0.875,-,-,-,39.200
'122:08:34.808',-0.450,-,-,-,37.600
'122:08:34.816',-0.275,-,-,-,36.800
'122:08:34.824',-0.225,-,-,-,36.800
'122:08:34.832',-0.225,-,-,-,37.600
'122:08:34.840',-0.200,-,-,-,39.200
'122:08:34.848',-0.125,-,-,-,41.600
'122:08:34.856',-0.100,-,-,-,41.600
'122:08:34.864',-0.075,-,-,-,41.600
'122:08:34.872',-0.050,-,-,-,40.000
'122:08:34.880',-0.050,-,-,-,39.200
'122:08:34.888',-0.025,-,-,-,39.200
'122:08:34.896',0.000,-,-,-,40.000
'122:08:34.904',0.000,-,-,-,40.000
'122:08:34.912',0.000,-,-,-,39.200
'122:08:34.920',0.000,-,-,-,39.200
'122:08:34.928',-0.050,-,-,-,44.000
'122:08:34.936',-0.075,-,-,-,52.000
'122:08:34.944',-0.100,-,-,-,60.800
'122:08:34.952',-0.100,-,-,-,68.000
'122:08:34.960',-0.125,-,-,-,72.800
'122:08:34.968',-0.175,-,-,-,77.600
'122:08:34.976',-0.175,-,-,-,81.600
'122:08:34.984',-0.125,-,-,-,88.800
'122:08:34.992',-0.100,-,-,-,96.000
'122:08:35.000',-0.075,-,-,-,101.600
'122:08:35.008',-0.025,-,-,-,106.400
'122:08:35.016',0.025,-,-,-,110.400
'122:08:35.024',0.050,-,-,-,112.800
'122:08:35.032',0.075,-,-,-,113.600
'122:08:35.040',0.075,-,-,-,113.600
'122:08:35.048',0.075,-,-,-,113.600
'122:08:35.056',0.100,-,-,-,113.600
'122:08:35.064',0.125,-,-,-,112.800
'122:08:35.072',0.175,-,-,-,112.800
'122:08:35.080',0.275,-,-,-,112.800
'122:08:35.088',0.600,-,-,-,113.600
'122:08:35.096',1.100,-,-,-,113.600
'122:08:35.104',1.250,-,-,-,113.600
'122:08:35.112',0.700,-,-,-,112.800
'122:08:35.120',-0.375,-,-,-,110.400
'122:08:35.128',-1.275,-,-,-,106.400
'122:08:35.136',-1.550,-,-,-,101.600
'122:08:35.144',-1.225,-,-,-,98.400
'122:08:35.152',-0.850,-,-,-,94.400
'122:08:35.160',-0.700,-,-,-,91.200
'122:08:35.168',-0.675,-,-,-,87.200
'122:08:35.176',-0.575,-,-,-,82.400
'122:08:35.184',-0.350,-,-,-,80.000
'122:08:35.192',-0.100,-,-,-,77.600
'122:08:35.200',0.025,-,-,-,75.200
'122:08:35.208',0.075,-,-,-,72.800
'122:08:35.216',0.100,-,-,-,70.400
'122:08:35.224',0.100,-,-,-,68.000
'122:08:35.232',0.100,-,-,-,68.000
'122:08:35.240',0.100,-,-,-,66.400
'122:08:35.248',0.100,-,-,-,66.400
'122:08:35.256',0.100,-,-,-,66.400
'122:08:35.264',0.050,-,-,-,66.400
'122:08:35.272',0.025,-,-,-,66.400
'122:08:35.280',0.025,-,-,-,66.400
'122:08:35.288',0.000,-,-,-,66.400
'122:08:35.296',0.025,-,-,-,65.600
'122:08:35.304',0.050,-,-,-,65.600
'122:08:35.312',0.100,-,-,-,64.000
'122:08:35.320',0.125,-,-,-,63.200
'122:08:35.328',0.200,-,-,-,61.600
'122:08:35.336',0.275,-,-,-,61.600
'122:08:35.344',0.350,-,-,-,61.600
'122:08:35.352',0.400,-,-,-,60.800
'122:08:35.360',0.425,-,-,-,60.800
'122:08:35.368',0.425,-,-,-,59.200
'122:08:35.376',0.425,-,-,-,59.200
'122:08:35.384',0.375,-,-,-,59.200
'122:08:35.392',0.350,-,-,-,58.400
'122:08:35.400',0.275,-,-,-,58.400
'122:08:35.408',0.225,-,-,-,58.400
'122:08:35.416',0.200,-,-,-,56.800
'122:08:35.424',0.125,-,-,-,56.800
'122:08:35.432',0.075,-,-,-,56.800
'122:08:35.440',0.025,-,-,-,56.000
'122:08:35.448',0.000,-,-,-,56.000
'122:08:35.456',-0.025,-,-,-,56.000
'122:08:35.464',-0.025,-,-,-,54.400
'122:08:35.472',-0.050,-,-,-,54.400
'122:08:35.480',-0.050,-,-,-,53.600
'122:08:35.488',-0.050,-,-,-,52.000
'122:08:35.496',-0.050,-,-,-,52.000
'122:08:35.504',-0.025,-,-,-,51.200
'122:08:35.512',-0.025,-,-,-,49.600
'122:08:35.520',0.000,-,-,-,49.600
'122:08:35.528',0.025,-,-,-,48.800
'122:08:35.536',0.025,-,-,-,48.800
'122:08:35.544',0.050,-,-,-,48.800
'122:08:35.552',0.075,-,-,-,47.200
'122:08:35.560',0.075,-,-,-,47.200
'122:08:35.568',0.075,-,-,-,47.200
'122:08:35.576',0.075,-,-,-,47.200
'122:08:35.584',0.075,-,-,-,47.200
'122:08:35.592',0.050,-,-,-,46.400
'122:08:35.600',0.000,-,-,-,46.400
'122:08:35.608',-0.025,-,-,-,46.400
'122:08:35.616',-0.050,-,-,-,46.400
'122:08:35.624',-0.075,-,-,-,46.400
'122:08:35.632',-0.100,-,-,-,44.800
'122:08:35.640',-0.075,-,-,-,44.800
'122:08:35.648',-0.050,-,-,-,44.800
'122:08:35.656',-0.050,-,-,-,44.000
'122:08:35.664',-0.050,-,-,-,42.400
'122:08:35.672',-0.050,-,-,-,42.400
'122:08:35.680',-0.025,-,-,-,41.600
'122:08:35.688',0.000,-,-,-,41.600
'122:08:35.696',0.000,-,-,-,42.400
'122:08:35.704',0.025,-,-,-,42.400
'122:08:35.712',0.050,-,-,-,42.400
'122:08:35.720',0.075,-,-,-,41.600
'122:08:35.728',0.175,-,-,-,41.600
'122:08:35.736',0.425,-,-,-,42.400
'122:08:35.744',0.950,-,-,-,42.400
'122:08:35.752',1.425,-,-,-,44.000
'122:08:35.760',1.425,-,-,-,44.000
'122:08:35.768',0.425,-,-,-,44.000
'122:08:35.776',-0.625,-,-,-,42.400
'122:08:35.784',-1.200,-,-,-,41.600
'122:08:35.792',-0.925,-,-,-,41.600
'122:08:35.800',-0.500,-,-,-,40.000
'122:08:35.808',-0.275,-,-,-,40.000
'122:08:35.816',-0.250,-,-,-,40.000
'122:08:35.824',-0.225,-,-,-,41.600
'122:08:35.832',-0.200,-,-,-,41.600
'122:08:35.840',-0.175,-,-,-,40.000
'122:08:35.848',-0.100,-,-,-,39.200
'122:08:35.856',-0.075,-,-,-,37.600
'122:08:35.864',-0.050,-,-,-,36.800
'122:08:35.872',-0.025,-,-,-,36.800
'122:08:35.880',0.000,-,-,-,36.800
'122:08:35.888',0.000,-,-,-,36.800
'122:08:35.896',0.000,-,-,-,37.600
'122:08:35.904',0.000,-,-,-,39.200
'122:08:35.912',0.000,-,-,-,42.400
'122:08:35.920',0.000,-,-,-,48.800
'122:08:35.928',-0.050,-,-,-,56.000
'122:08:35.936',-0.075,-,-,-,64.000
'122:08:35.944',-0.100,-,-,-,71.200
'122:08:35.952',-0.125,-,-,-,76.000
'122:08:35.960',-0.175,-,-,-,80.000
'122:08:35.968',-0.175,-,-,-,84.000
'122:08:35.976',-0.175,-,-,-,88.800
'122:08:35.984',-0.125,-,-,-,96.000
'122:08:35.992',-0.100,-,-,-,101.600
'122:08:36.000',-0.075,-,-,-,108.000
'122:08:36.008',-0.025,-,-,-,112.800
'122:08:36.016',0.000,-,-,-,115.200
'122:08:36.024',0.025,-,-,-,116.000
'122:08:36.032',0.050,-,-,-,117.600
'122:08:36.040',0.100,-,-,-,117.600
'122:08:36.048',0.100,-,-,-,117.600
'122:08:36.056',0.100,-,-,-,116.000
'122:08:36.064',0.100,-,-,-,115.200
'122:08:36.072',0.175,-,-,-,113.600
'122:08:36.080',0.375,-,-,-,112.800
'122:08:36.088',0.800,-,-,-,111.200
'122:08:36.096',1.250,-,-,-,110.400
'122:08:36.104',1.250,-,-,-,108.800
'122:08:36.112',0.175,-,-,-,108.000
'122:08:36.120',-0.925,-,-,-,106.400
'122:08:36.128',-1.550,-,-,-,104.000
'122:08:36.136',-1.575,-,-,-,100.800
'122:08:36.144',-1.025,-,-,-,96.800
'122:08:36.152',-0.725,-,-,-,92.000
'122:08:36.160',-0.625,-,-,-,87.200
'122:08:36.168',-0.625,-,-,-,84.000
'122:08:36.176',-0.500,-,-,-,81.600
'122:08:36.184',-0.225,-,-,-,78.400
'122:08:36.192',-0.025,-,-,-,76.000
'122:08:36.200',0.075,-,-,-,73.600
'122:08:36.208',0.100,-,-,-,71.200
'122:08:36.216',0.125,-,-,-,68.800
'122:08:36.224',0.125,-,-,-,68.000
'122:08:36.232',0.125,-,-,-,66.400
'122:08:36.240',0.125,-,-,-,66.400
'122:08:36.248',0.125,-,-,-,66.400
'122:08:36.256',0.100,-,-,-,68.000
'122:08:36.264',0.075,-,-,-,66.400
'122:08:36.272',0.025,-,-,-,66.400
'122:08:36.280',0.025,-,-,-,65.600
'122:08:36.288',0.025,-,-,-,64.000
'122:08:36.296',0.050,-,-,-,63.200
'122:08:36.304',0.075,-,-,-,61.600
'122:08:36.312',0.125,-,-,-,61.600
'122:08:36.320',0.175,-,-,-,61.600
'122:08:36.328',0.225,-,-,-,61.600
'122:08:36.336',0.275,-,-,-,63.200
'122:08:36.344',0.375,-,-,-,63.200
'122:08:36.352',0.425,-,-,-,61.600
'122:08:36.360',0.425,-,-,-,60.800
'122:08:36.368',0.425,-,-,-,58.400
'122:08:36.376',0.400,-,-,-,56.800
'122:08:36.384',0.375,-,-,-,56.800
'122:08:36.392',0.300,-,-,-,59.200
'122:08:36.400',0.250,-,-,-,61.600
'122:08:36.408',0.225,-,-,-,61.600
'122:08:36.416',0.200,-,-,-,58.400
'122:08:36.424',0.125,-,-,-,52.000
'122:08:36.432',0.075,-,-,-,46.400
'122:08:36.440',0.025,-,-,-,44.000
'122:08:36.448',0.000,-,-,-,44.800
'122:08:36.456',0.000,-,-,-,48.800
'122:08:36.464',-0.025,-,-,-,52.000
'122:08:36.472',-0.025,-,-,-,54.400
'122:08:36.480',-0.025,-,-,-,53.600
'122:08:36.488',-0.025,-,-,-,49.600
'122:08:36.496',-0.025,-,-,-,44.800
'122:08:36.504',-0.025,-,-,-,42.400
'122:08:36.512',0.000,-,-,-,42.400
'122:08:36.520',0.025,-,-,-,44.000
'122:08:36.528',0.050,-,-,-,46.400
'122:08:36.536',0.050,-,-,-,46.400
'122:08:36.544',0.075,-,-,-,46.400
'122:08:36.552',0.100,-,-,-,44.800
'122:08:36.560',0.100,-,-,-,44.800
'122:08:36.568',0.100,-,-,-,46.400
'122:08:36.576',0.100,-,-,-,47.200
'122:08:36.584',0.075,-,-,-,47.200
'122:08:36.592',0.050,-,-,-,47.200
'122:08:36.600',0.025,-,-,-,46.400
'122:08:36.608',0.000,-,-,-,44.000
'122:08:36.616',0.000,-,-,-,42.400
'122:08:36.624',-0.025,-,-,-,40.000
'122:08:36.632',-0.050,-,-,-,39.200
'122:08:36.640',-0.050,-,-,-,39.200
'122:08:36.648',-0.050,-,-,-,39.200
'122:08:36.656',-0.050,-,-,-,39.200
'122:08:36.664',-0.075,-,-,-,39.200
'122:08:36.672',-0.050,-,-,-,37.600
'122:08:36.680',-0.025,-,-,-,36.800
'122:08:36.688',0.000,-,-,-,36.800
'122:08:36.696',0.025,-,-,-,36.800
'122:08:36.704',0.050,-,-,-,37.600
'122:08:36.712',0.075,-,-,-,39.200
'122:08:36.720',0.100,-,-,-,40.000
'122:08:36.728',0.125,-,-,-,40.000
'122:08:36.736',0.275,-,-,-,40.000
'122:08:36.744',0.700,-,-,-,39.200
'122:08:36.752',1.200,-,-,-,37.600
'122:08:36.760',1.350,-,-,-,37.600
'122:08:36.768',0.750,-,-,-,37.600
'122:08:36.776',-0.300,-,-,-,39.200
'122:08:36.784',-1.175,-,-,-,39.200
'122:08:36.792',-1.300,-,-,-,37.600
'122:08:36.800',-0.750,-,-,-,37.600
'122:08:36.808',-0.400,-,-,-,36.800
'122:08:36.816',-0.250,-,-,-,35.200
'122:08:36.824',-0.225,-,-,-,35.200
'122:08:36.832',-0.225,-,-,-,35.200
'122:08:36.840',-0.175,-,-,-,35.200
'122:08:36.848',-0.125,-,-,-,35.200
'122:08:36.856',-0.125,-,-,-,35.200
'122:08:36.864',-0.100,-,-,-,35.200
'122:08:36.872',-0.050,-,-,-,35.200
'122:08:36.880',-0.025,-,-,-,35.200
'122:08:36.888',0.000,-,-,-,35.200
'122:08:36.896',0.000,-,-,-,36.800
'122:08:36.904',-0.025,-,-,-,37.600
'122:08:36.912',-0.050,-,-,-,41.600
'122:08:36.920',-0.050,-,-,-,46.400
'122:08:36.928',-0.050,-,-,-,52.000
'122:08:36.936',-0.050,-,-,-,60.800
'122:08:36.944',-0.100,-,-,-,68.000
'122:08:36.952',-0.125,-,-,-,76.000
'122:08:36.960',-0.175,-,-,-,82.400
'122:08:36.968',-0.200,-,-,-,89.600
'122:08:36.976',-0.225,-,-,-,96.000
'122:08:36.984',-0.200,-,-,-,101.600
'122:08:36.992',-0.200,-,-,-,106.400
'122:08:37.000',-0.125,-,-,-,111.200
'122:08:37.008',-0.075,-,-,-,113.600
'122:08:37.016',-0.075,-,-,-,117.600
'122:08:37.024',-0.025,-,-,-,120.000
'122:08:37.032',0.000,-,-,-,120.800
'122:08:37.040',0.025,-,-,-,120.800
'122:08:37.048',0.050,-,-,-,120.800
'122:08:37.056',0.050,-,-,-,120.000
'122:08:37.064',0.025,-,-,-,118.400
'122:08:37.072',0.050,-,-,-,118.400
'122:08:37.080',0.100,-,-,-,117.600
'122:08:37.088',0.275,-,-,-,116.000
'122:08:37.096',0.700,-,-,-,113.600
'122:08:37.104',1.125,-,-,-,112.800
'122:08:37.112',1.200,-,-,-,110.400
'122:08:37.120',0.350,-,-,-,108.000
'122:08:37.128',-0.700,-,-,-,105.600
'122:08:37.136',-1.425,-,-,-,103.200
'122:08:37.144',-1.525,-,-,-,100.800
'122:08:37.152',-1.025,-,-,-,98.400
'122:08:37.160',-0.725,-,-,-,96.000
'122:08:37.168',-0.625,-,-,-,92.000
'122:08:37.176',-0.625,-,-,-,88.800
'122:08:37.184',-0.550,-,-,-,84.800
'122:08:37.192',-0.275,-,-,-,81.600
'122:08:37.200',-0.050,-,-,-,80.000
'122:08:37.208',0.025,-,-,-,77.600
'122:08:37.216',0.075,-,-,-,76.000
'122:08:37.224',0.100,-,-,-,76.000
'122:08:37.232',0.075,-,-,-,76.000
'122:08:37.240',0.075,-,-,-,76.000
'122:08:37.248',0.075,-,-,-,75.200
'122:08:37.256',0.075,-,-,-,75.200
'122:08:37.264',0.050,-,-,-,73.600
'122:08:37.272',0.025,-,-,-,73.600
'122:08:37.280',0.025,-,-,-,73.600
'122:08:37.288',0.025,-,-,-,75.200
'122:08:37.296',0.025,-,-,-,75.200
'122:08:37.304',0.050,-,-,-,76.000
'122:08:37.312',0.100,-,-,-,75.200
'122:08:37.320',0.175,-,-,-,73.600
'122:08:37.328',0.200,-,-,-,72.800
'122:08:37.336',0.250,-,-,-,71.200
'122:08:37.344',0.375,-,-,-,70.400
'122:08:37.352',0.450,-,-,-,68.800
'122:08:37.360',0.500,-,-,-,68.800
'122:08:37.368',0.450,-,-,-,68.800
'122:08:37.376',0.425,-,-,-,68.000
'122:08:37.384',0.375,-,-,-,68.000
'122:08:37.392',0.300,-,-,-,66.400
'122:08:37.400',0.250,-,-,-,66.400
'122:08:37.408',0.225,-,-,-,66.400
'122:08:37.416',0.200,-,-,-,68.000
'122:08:37.424',0.100,-,-,-,68.800
'122:08:37.432',0.050,-,-,-,70.400
'122:08:37.440',0.025,-,-,-,70.400
'122:08:37.448',0.000,-,-,-,70.400
'122:08:37.456',-0.025,-,-,-,68.800
'122:08:37.464',-0.050,-,-,-,68.000
'122:08:37.472',-0.050,-,-,-,66.400
'122:08:37.480',-0.075,-,-,-,65.600
'122:08:37.488',-0.050,-,-,-,64.000
'122:08:37.496',-0.050,-,-,-,64.000
'122:08:37.504',-0.050,-,-,-,64.000
'122:08:37.512',0.000,-,-,-,63.200
'122:08:37.520',0.025,-,-,-,63.200
'122:08:37.528',0.025,-,-,-,60.800
'122:08:37.536',0.025,-,-,-,58.400
'122:08:37.544',0.075,-,-,-,56.000
'122:08:37.552',0.075,-,-,-,54.400
'122:08:37.560',0.075,-,-,-,53.600
'122:08:37.568',0.100,-,-,-,54.400
'122:08:37.576',0.075,-,-,-,54.400
'122:08:37.584',0.050,-,-,-,54.400
'122:08:37.592',0.025,-,-,-,54.400
'122:08:37.600',0.025,-,-,-,54.400
'122:08:37.608',0.000,-,-,-,54.400
'122:08:37.616',-0.050,-,-,-,54.400
'122:08:37.624',-0.050,-,-,-,54.400
'122:08:37.632',-0.075,-,-,-,53.600
'122:08:37.640',-0.075,-,-,-,53.600
'122:08:37.648',-0.075,-,-,-,53.600
'122:08:37.656',-0.075,-,-,-,53.600
'122:08:37.664',-0.075,-,-,-,52.000
'122:08:37.672',-0.050,-,-,-,51.200
'122:08:37.680',-0.025,-,-,-,51.200
'122:08:37.688',0.000,-,-,-,51.200
'122:08:37.696',0.000,-,-,-,52.000
'122:08:37.704',0.025,-,-,-,53.600
'122:08:37.712',0.075,-,-,-,54.400
'122:08:37.720',0.075,-,-,-,53.600
'122:08:37.728',0.175,-,-,-,53.600
'122:08:37.736',0.550,-,-,-,51.200
'122:08:37.744',1.175,-,-,-,49.600
'122:08:37.752',1.525,-,-,-,48.800
'122:08:37.760',1.175,-,-,-,48.800
'122:08:37.768',0.125,-,-,-,47.200
'122:08:37.776',-0.900,-,-,-,48.800
'122:08:37.784',-1.200,-,-,-,48.800
'122:08:37.792',-0.775,-,-,-,49.600
'122:08:37.800',-0.400,-,-,-,49.600
'122:08:37.808',-0.275,-,-,-,48.800
'122:08:37.816',-0.250,-,-,-,48.800
'122:08:37.824',-0.225,-,-,-,47.200
'122:08:37.832',-0.200,-,-,-,44.800
'122:08:37.840',-0.125,-,-,-,44.000
'122:08:37.848',-0.100,-,-,-,44.000
'122:08:37.856',-0.100,-,-,-,44.000
'122:08:37.864',-0.075,-,-,-,44.800
'122:08:37.872',-0.025,-,-,-,47.200
'122:08:37.880',0.000,-,-,-,48.800
'122:08:37.888',0.000,-,-,-,49.600
'122:08:37.896',0.000,-,-,-,49.600
'122:08:37.904',0.000,-,-,-,51.200
'122:08:37.912',0.000,-,-,-,54.400
'122:08:37.920',-0.025,-,-,-,60.800
'122:08:37.928',-0.075,-,-,-,68.000
'122:08:37.936',-0.075,-,-,-,76.000
'122:08:37.944',-0.100,-,-,-,80.000
'122:08:37.952',-0.125,-,-,-,84.000
'122:08:37.960',-0.175,-,-,-,86.400
'122:08:37.968',-0.200,-,-,-,91.200
'122:08:37.976',-0.175,-,-,-,98.400
'122:08:37.984',-0.125,-,-,-,106.400
'122:08:37.992',-0.075,-,-,-,115.200
'122:08:38.000',-0.050,-,-,-,120.800
'122:08:38.008',0.000,-,-,-,124.800
'122:08:38.016',0.025,-,-,-,124.800
'122:08:38.024',0.050,-,-,-,122.400
'122:08:38.032',0.075,-,-,-,118.400
'122:08:38.040',0.100,-,-,-,117.600
'122:08:38.048',0.100,-,-,-,120.000
'122:08:38.056',0.125,-,-,-,123.200
'122:08:38.064',0.125,-,-,-,127.200
'122:08:38.072',0.225,-,-,-,128.000
'122:08:38.080',0.500,-,-,-,125.600
'122:08:38.088',1.000,-,-,-,120.800
'122:08:38.096',1.300,-,-,-,116.000
'122:08:38.104',1.050,-,-,-,113.600
'122:08:38.112',0.100,-,-,-,111.200
'122:08:38.120',-1.050,-,-,-,108.800
'122:08:38.128',-1.675,-,-,-,108.000
'122:08:38.136',-1.400,-,-,-,105.600
'122:08:38.144',-0.750,-,-,-,104.000
'122:08:38.152',-0.275,-,-,-,100.800
'122:08:38.160',-0.100,-,-,-,96.800
'122:08:38.168',-0.050,-,-,-,92.000
'122:08:38.176',0.000,-,-,-,87.200
'122:08:38.184',0.025,-,-,-,84.000
'122:08:38.192',0.050,-,-,-,80.000
'122:08:38.200',0.050,-,-,-,77.600
'122:08:38.208',0.050,-,-,-,76.000
'122:08:38.216',0.075,-,-,-,76.000
'122:08:38.224',0.075,-,-,-,77.600
'122:08:38.232',0.100,-,-,-,77.600
'122:08:38.240',0.100,-,-,-,77.600
'122:08:38.248',0.075,-,-,-,77.600
'122:08:38.256',0.025,-,-,-,76.000
'122:08:38.264',0.000,-,-,-,75.200
'122:08:38.272',0.000,-,-,-,72.800
'122:08:38.280',0.000,-,-,-,71.200
'122:08:38.288',0.000,-,-,-,71.200
'122:08:38.296',0.025,-,-,-,70.400
'122:08:38.304',0.050,-,-,-,68.800
'122:08:38.312',0.075,-,-,-,68.800
'122:08:38.320',0.100,-,-,-,68.800
'122:08:38.328',0.125,-,-,-,70.400
'122:08:38.336',0.200,-,-,-,70.400
'122:08:38.344',0.225,-,-,-,68.800
'122:08:38.352',0.225,-,-,-,68.000
'122:08:38.360',0.225,-,-,-,66.400
'122:08:38.368',0.225,-,-,-,64.000
'122:08:38.376',0.225,-,-,-,60.800
'122:08:38.384',0.200,-,-,-,59.200
'122:08:38.392',0.175,-,-,-,58.400
'122:08:38.400',0.125,-,-,-,58.400
'122:08:38.408',0.100,-,-,-,60.800
'122:08:38.416',0.100,-,-,-,63.200
'122:08:38.424',0.075,-,-,-,65.600
'122:08:38.432',0.025,-,-,-,65.600
'122:08:38.440',0.025,-,-,-,64.000
'122:08:38.448',0.000,-,-,-,61.600
'122:08:38.456',0.000,-,-,-,60.800
'122:08:38.464',0.000,-,-,-,59.200
'122:08:38.472',0.000,-,-,-,59.200
'122:08:38.480',-0.025,-,-,-,59.200
'122:08:38.488',-0.025,-,-,-,59.200
'122:08:38.496',0.000,-,-,-,58.400
'122:08:38.504',0.025,-,-,-,56.800
'122:08:38.512',0.025,-,-,-,56.000
'122:08:38.520',0.050,-,-,-,54.400
'122:08:38.528',0.050,-,-,-,54.400
'122:08:38.536',0.075,-,-,-,54.400
'122:08:38.544',0.100,-,-,-,54.400
'122:08:38.552',0.075,-,-,-,53.600
'122:08:38.560',0.075,-,-,-,52.000
'122:08:38.568',0.075,-,-,-,51.200
'122:08:38.576',0.075,-,-,-,51.200
'122:08:38.584',0.025,-,-,-,51.200
'122:08:38.592',0.000,-,-,-,51.200
'122:08:38.600',0.000,-,-,-,51.200
'122:08:38.608',-0.025,-,-,-,51.200
'122:08:38.616',-0.050,-,-,-,51.200
'122:08:38.624',-0.050,-,-,-,51.200
'122:08:38.632',-0.075,-,-,-,51.200
'122:08:38.640',-0.100,-,-,-,52.000
'122:08:38.648',-0.100,-,-,-,52.000
'122:08:38.656',-0.075,-,-,-,52.000
'122:08:38.664',-0.050,-,-,-,51.200
'122:08:38.672',0.000,-,-,-,49.600
'122:08:38.680',0.000,-,-,-,49.600
'122:08:38.688',0.025,-,-,-,48.800
'122:08:38.696',0.050,-,-,-,47.200
'122:08:38.704',0.075,-,-,-,47.200
'122:08:38.712',0.100,-,-,-,48.800
'122:08:38.720',0.100,-,-,-,49.600
'122:08:38.728',0.300,-,-,-,49.600
'122:08:38.736',0.800,-,-,-,51.200
'122:08:38.744',1.375,-,-,-,49.600
'122:08:38.752',1.450,-,-,-,49.600
'122:08:38.760',0.625,-,-,-,48.800
'122:08:38.768',-0.450,-,-,-,47.200
'122:08:38.776',-1.175,-,-,-,47.200
'122:08:38.784',-1.200,-,-,-,47.200
'122:08:38.792',-0.600,-,-,-,47.200
'122:08:38.800',-0.350,-,-,-,46.400
'122:08:38.808',-0.250,-,-,-,46.400
'122:08:38.816',-0.225,-,-,-,46.400
'122:08:38.824',-0.200,-,-,-,46.400
'122:08:38.832',-0.175,-,-,-,44.800
'122:08:38.840',-0.100,-,-,-,44.800
'122:08:38.848',-0.050,-,-,-,44.800
'122:08:38.856',-0.025,-,-,-,44.800
'122:08:38.864',0.000,-,-,-,44.800
'122:08:38.872',0.000,-,-,-,44.800
'122:08:38.880',0.000,-,-,-,44.800
'122:08:38.888',0.000,-,-,-,44.800
'122:08:38.896',0.000,-,-,-,46.400
'122:08:38.904',0.000,-,-,-,48.800
'122:08:38.912',-0.025,-,-,-,52.000
'122:08:38.920',-0.050,-,-,-,58.400
'122:08:38.928',-0.075,-,-,-,64.000
'122:08:38.936',-0.125,-,-,-,70.400
'122:08:38.944',-0.175,-,-,-,75.200
'122:08:38.952',-0.175,-,-,-,80.000
'122:08:38.960',-0.175,-,-,-,84.800
'122:08:38.968',-0.175,-,-,-,92.000
'122:08:38.976',-0.175,-,-,-,99.200
'122:08:38.984',-0.100,-,-,-,108.000
'122:08:38.992',-0.075,-,-,-,113.600
'122:08:39.000',-0.025,-,-,-,116.000
'122:08:39.008',0.000,-,-,-,117.600
'122:08:39.016',0.025,-,-,-,116.000
'122:08:39.024',0.050,-,-,-,115.200
'122:08:39.032',0.075,-,-,-,115.200
'122:08:39.040',0.075,-,-,-,115.200
'122:08:39.048',0.075,-,-,-,116.000
'122:08:39.056',0.075,-,-,-,116.000
'122:08:39.064',0.100,-,-,-,115.200
'122:08:39.072',0.275,-,-,-,113.600
'122:08:39.080',0.675,-,-,-,112.800
'122:08:39.088',1.100,-,-,-,111.200
'122:08:39.096',1.125,-,-,-,108.800
'122:08:39.104',0.200,-,-,-,108.000
'122:08:39.112',-0.800,-,-,-,106.400
'122:08:39.120',-1.400,-,-,-,104.000
'122:08:39.128',-1.450,-,-,-,103.200
'122:08:39.136',-0.950,-,-,-,99.200
'122:08:39.144',-0.625,-,-,-,94.400
'122:08:39.152',-0.575,-,-,-,89.600
'122:08:39.160',-0.575,-,-,-,84.800
'122:08:39.168',-0.500,-,-,-,80.000
'122:08:39.176',-0.250,-,-,-,78.400
'122:08:39.184',-0.050,-,-,-,76.000
'122:08:39.192',0.025,-,-,-,73.600
'122:08:39.200',0.075,-,-,-,72.800
'122:08:39.208',0.100,-,-,-,71.200
'122:08:39.216',0.100,-,-,-,68.800
'122:08:39.224',0.100,-,-,-,68.000
'122:08:39.232',0.100,-,-,-,66.400
'122:08:39.240',0.100,-,-,-,65.600
'122:08:39.248',0.075,-,-,-,65.600
'122:08:39.256',0.050,-,-,-,64.000
'122:08:39.264',0.000,-,-,-,64.000
'122:08:39.272',0.000,-,-,-,64.000
'122:08:39.280',0.000,-,-,-,64.000
'122:08:39.288',0.000,-,-,-,63.200
'122:08:39.296',0.025,-,-,-,63.200
